iter	MultiClass
0	4.477392706
1	4.129518933
2	3.597783395
